{
    "best_chrom": [
        21.135543286835933,
        51.80192992282328,
        36.648110731724856,
        61.46991901718273,
        153.0086515590349,
        80.00144644668413,
        120.13036389199623,
        0.0,
        21.78572783752758,
        20.877916261150563,
        93.45719139584634,
        111.93095809799102,
        100.00111694173431,
        297.5417021259127,
        0.7181455928061924,
        1.0,
        1.0,
        0.48603069713481983,
        0.6540239209801346,
        0.08957430252417611,
        0.557394524694129,
        0.6753852454809128,
        0.004531504591260695
    ],
    "pm25_mf_ga": {
        "Low": [
            "left_shoulder",
            [
                21.135543286835933,
                51.80192992282328
            ]
        ],
        "Medium": [
            "triangular",
            [
                36.648110731724856,
                61.46991901718273,
                153.0086515590349
            ]
        ],
        "High": [
            "right_shoulder",
            [
                80.00144644668413,
                120.13036389199623
            ]
        ]
    },
    "no2_mf_ga": {
        "Low": [
            "left_shoulder",
            [
                0.0,
                21.78572783752758
            ]
        ],
        "Medium": [
            "triangular",
            [
                20.877916261150563,
                93.45719139584634,
                111.93095809799102
            ]
        ],
        "High": [
            "right_shoulder",
            [
                100.00111694173431,
                297.5417021259127
            ]
        ]
    },
    "rw_ga": [
        0.7181455928061924,
        1.0,
        1.0,
        0.48603069713481983,
        0.6540239209801346,
        0.08957430252417611,
        0.557394524694129,
        0.6753852454809128,
        0.004531504591260695
    ]
}